codigo_fonte_6,CD_MUN
350010,3500105
350020,3500204
350030,3500303
350040,3500402
350050,3500501
350055,3500550
350060,3500600
350070,3500709
350075,3500758
350080,3500808
350090,3500907
350100,3501004
350110,3501103
350115,3501152
350120,3501202
350130,3501301
350140,3501400
350150,3501509
350160,3501608
350170,3501707
350180,3501806
350190,3501905
350200,3502002
350210,3502101
350220,3502200
350230,3502309
350240,3502408
350250,3502507
350260,3502606
350270,3502705
350275,3502754
350280,3502804
350290,3502903
350300,3503000
350310,3503109
350315,3503158
350320,3503208
350330,3503307
350335,3503356
350340,3503406
350350,3503505
350360,3503604
350370,3503703
350380,3503802
350390,3503901
350395,3503950
350400,3504008
350410,3504107
350420,3504206
350430,3504305
350440,3504404
350450,3504503
350460,3504602
350470,3504701
350480,3504800
350490,3504909
350500,3505005
350510,3505104
350520,3505203
350530,3505302
350535,3505351
350540,3505401
350550,3505500
350560,3505609
350570,3505708
350580,3505807
350590,3505906
350600,3506003
350610,3506102
350620,3506201
350630,3506300
350635,3506359
350640,3506409
350650,3506508
350660,3506607
350670,3506706
350680,3506805
350690,3506904
350700,3507001
350710,3507100
350715,3507159
350720,3507209
350730,3507308
350740,3507407
350745,3507456
350750,3507506
350760,3507605
350770,3507704
350775,3507753
350780,3507803
350790,3507902
350800,3508009
350810,3508108
350820,3508207
350830,3508306
350840,3508405
350850,3508504
350860,3508603
350870,3508702
350880,3508801
350890,3508900
350900,3509007
350910,3509106
350920,3509205
350925,3509254
350930,3509304
350940,3509403
350945,3509452
350950,3509502
350960,3509601
350970,3509700
350980,3509809
350990,3509908
350995,3509957
351000,3510005
351010,3510104
351015,3510153
351020,3510203
351030,3510302
351040,3510401
351050,3510500
351060,3510609
351070,3510708
351080,3510807
351090,3510906
351100,3511003
351110,3511102
351120,3511201
351130,3511300
351140,3511409
351150,3511508
351160,3511607
351170,3511706
351190,3511904
351200,3512001
351210,3512100
351220,3512209
351230,3512308
351240,3512407
351250,3512506
351260,3512605
351270,3512704
351280,3512803
351290,3512902
351300,3513009
351310,3513108
351320,3513207
351330,3513306
351340,3513405
351350,3513504
351360,3513603
351370,3513702
351380,3513801
351385,3513850
351390,3513900
351400,3514007
351410,3514106
351420,3514205
351430,3514304
351440,3514403
351450,3514502
351460,3514601
351470,3514700
351480,3514809
351490,3514908
351492,3514924
351495,3514957
351500,3515004
351510,3515103
351512,3515129
351515,3515152
351518,3515186
351519,3515194
351520,3515202
351530,3515301
351535,3515350
351540,3515400
351550,3515509
351560,3515608
351565,3515657
351570,3515707
351580,3515806
351590,3515905
351600,3516002
351610,3516101
351620,3516200
351630,3516309
351640,3516408
351650,3516507
351660,3516606
351670,3516705
351680,3516804
351685,3516853
351690,3516903
351700,3517000
351710,3517109
351720,3517208
351730,3517307
351740,3517406
351750,3517505
351760,3517604
351770,3517703
351780,3517802
351790,3517901
351800,3518008
351810,3518107
351820,3518206
351830,3518305
351840,3518404
351850,3518503
351860,3518602
351870,3518701
351880,3518800
351885,3518859
351890,3518909
351900,3519006
351905,3519055
351907,3519071
351910,3519105
351920,3519204
351925,3519253
351930,3519303
351940,3519402
351950,3519501
351960,3519600
351970,3519709
351980,3519808
351990,3519907
352000,3520004
352010,3520103
352020,3520202
352030,3520301
352040,3520400
352042,3520426
352044,3520442
352050,3520509
352060,3520608
352070,3520707
352080,3520806
352090,3520905
352100,3521002
352110,3521101
352115,3521150
352120,3521200
352130,3521309
352140,3521408
352150,3521507
352160,3521606
352170,3521705
352180,3521804
352190,3521903
352200,3522000
352210,3522109
352215,3522158
352220,3522208
352230,3522307
352240,3522406
352250,3522505
352260,3522604
352265,3522653
352270,3522703
352280,3522802
352290,3522901
352300,3523008
352310,3523107
352320,3523206
352330,3523305
352340,3523404
352350,3523503
352360,3523602
352370,3523701
352380,3523800
352390,3523909
352400,3524006
352410,3524105
352420,3524204
352430,3524303
352440,3524402
352450,3524501
352460,3524600
352470,3524709
352480,3524808
352490,3524907
352500,3525003
352510,3525102
352520,3525201
352530,3525300
352540,3525409
352550,3525508
352560,3525607
352570,3525706
352580,3525805
352585,3525854
352590,3525904
352600,3526001
352610,3526100
352620,3526209
352630,3526308
352640,3526407
352650,3526506
352660,3526605
352670,3526704
352680,3526803
352690,3526902
352700,3527009
352710,3527108
352720,3527207
352725,3527256
352730,3527306
352740,3527405
352750,3527504
352760,3527603
352770,3527702
352780,3527801
352790,3527900
352800,3528007
352810,3528106
352820,3528205
352830,3528304
352840,3528403
352850,3528502
352860,3528601
352870,3528700
352880,3528809
352885,3528858
352890,3528908
352900,3529005
352910,3529104
352920,3529203
352930,3529302
352940,3529401
352950,3529500
352960,3529609
352965,3529658
352970,3529708
352980,3529807
352990,3529906
353000,3530003
353010,3530102
353020,3530201
353030,3530300
353040,3530409
353050,3530508
353060,3530607
353070,3530706
353080,3530805
353090,3530904
353100,3531001
353110,3531100
353120,3531209
353130,3531308
353140,3531407
353150,3531506
353160,3531605
353170,3531704
353180,3531803
353190,3531902
353200,3532009
353205,3532058
353210,3532108
353215,3532157
353220,3532207
353230,3532306
353240,3532405
353250,3532504
353260,3532603
353270,3532702
353280,3532801
353282,3532827
353284,3532843
353286,3532868
353290,3532900
353300,3533007
353310,3533106
353320,3533205
353325,3533254
353330,3533304
353340,3533403
353350,3533502
353360,3533601
353370,3533700
353380,3533809
353390,3533908
353400,3534005
353410,3534104
353420,3534203
353430,3534302
353440,3534401
353450,3534500
353460,3534609
353470,3534708
353475,3534757
353480,3534807
353490,3534906
353500,3535002
353510,3535101
353520,3535200
353530,3535309
353540,3535408
353550,3535507
353560,3535606
353570,3535705
353580,3535804
353590,3535903
353600,3536000
353610,3536109
353620,3536208
353625,3536257
353630,3536307
353640,3536406
353650,3536505
353657,3536570
353660,3536604
353670,3536703
353680,3536802
353690,3536901
353700,3537008
353710,3537107
353715,3537156
353720,3537206
353730,3537305
353740,3537404
353750,3537503
353760,3537602
353770,3537701
353780,3537800
353790,3537909
353800,3538006
353810,3538105
353820,3538204
353830,3538303
353850,3538501
353860,3538600
353870,3538709
353880,3538808
353890,3538907
353900,3539004
353910,3539103
353920,3539202
353930,3539301
353940,3539400
353950,3539509
353960,3539608
353970,3539707
353980,3539806
353990,3539905
354000,3540002
354010,3540101
354020,3540200
354025,3540259
354030,3540309
354040,3540408
354050,3540507
354060,3540606
354070,3540705
354075,3540754
354080,3540804
354085,3540853
354090,3540903
354100,3541000
354105,3541059
354110,3541109
354120,3541208
354130,3541307
354140,3541406
354150,3541505
354160,3541604
354165,3541653
354170,3541703
354180,3541802
354190,3541901
354200,3542008
354210,3542107
354220,3542206
354230,3542305
354240,3542404
354250,3542503
354260,3542602
354270,3542701
354280,3542800
354290,3542909
354300,3543006
354310,3543105
354320,3543204
354323,3543238
354325,3543253
354330,3543303
354340,3543402
354350,3543501
354360,3543600
354370,3543709
354380,3543808
354390,3543907
354400,3544004
354410,3544103
354420,3544202
354425,3544251
354430,3544301
354440,3544400
354450,3544509
354460,3544608
354470,3544707
354480,3544806
354490,3544905
354500,3545001
354510,3545100
354515,3545159
354520,3545209
354530,3545308
354540,3545407
354550,3545506
354560,3545605
354570,3545704
354580,3545803
354600,3546009
354610,3546108
354620,3546207
354625,3546256
354630,3546306
354640,3546405
354650,3546504
354660,3546603
354670,3546702
354680,3546801
354690,3546900
354700,3547007
354710,3547106
354720,3547205
354730,3547304
354740,3547403
354750,3547502
354760,3547601
354765,3547650
354770,3547700
354780,3547809
354790,3547908
354800,3548005
354805,3548054
354810,3548104
354820,3548203
354830,3548302
354840,3548401
354850,3548500
354860,3548609
354870,3548708
354880,3548807
354890,3548906
354900,3549003
354910,3549102
354920,3549201
354925,3549250
354930,3549300
354940,3549409
354950,3549508
354960,3549607
354970,3549706
354980,3549805
354990,3549904
354995,3549953
355000,3550001
355010,3550100
355020,3550209
355030,3550308
355040,3550407
355050,3550506
355060,3550605
355070,3550704
355080,3550803
355090,3550902
355100,3551009
355110,3551108
355120,3551207
355130,3551306
355140,3551405
355150,3551504
355160,3551603
355170,3551702
355180,3551801
355190,3551900
355200,3552007
355210,3552106
355220,3552205
355230,3552304
355240,3552403
355250,3552502
355255,3552551
355260,3552601
355270,3552700
355280,3552809
355290,3552908
355300,3553005
355310,3553104
355320,3553203
355330,3553302
355340,3553401
355350,3553500
355360,3553609
355365,3553658
355370,3553708
355380,3553807
355385,3553856
355390,3553906
355395,3553955
355400,3554003
355410,3554102
355420,3554201
355430,3554300
355440,3554409
355450,3554508
355460,3554607
355465,3554656
355470,3554706
355475,3554755
355480,3554805
355490,3554904
355495,3554953
355500,3555000
355510,3555109
355520,3555208
355530,3555307
355535,3555356
355540,3555406
355550,3555505
355560,3555604
355570,3555703
355580,3555802
355590,3555901
355600,3556008
355610,3556107
355620,3556206
355630,3556305
355635,3556354
355640,3556404
355645,3556453
355650,3556503
355660,3556602
355670,3556701
355680,3556800
355690,3556909
355695,3556958
355700,3557006
355710,3557105
355715,3557154
355720,3557204
355730,3557303
