id,nome,selecionada,tema
10049,"Moradores indígenas em domicílios particulares permanentes ocupados em setores censitários selecionados para a Pesquisa Urbanística do Entorno dos Domicílios, por sexo, existência e características do entorno",False,
10050,"Domicílios em setores censitários selecionados para a Pesquisa Urbanística do Entorno dos Domicílios, por características do entorno dos domicílios, segundo as classes de hierarquia de urbana",False,
10051,"Estabelecimentos de saúde, ensino e outras finalidades, em setores selecionados para a Pesquisa Urbanística do Entorno dos Domicílios, por existência e características do entorno",False,
10052,"Moradores indígenas em domicílios particulares permanentes ocupados em setores censitários selecionados para a Pesquisa Urbanística do Entorno dos Domicílios, por sexo, existência e características do entorno por bueiro, iluminação pública, calçada e rampa para cadeirante",False,
10053,"Domicílios particulares permanentes ocupados e Moradores em domicílios particulares permanentes ocupados em setores censitários selecionados para a Pesquisa Urbanística do Entorno dos Domicílios, por tipo de esgotamento sanitário, existência e características do entorno",False,
10054,"Domicílios particulares permanentes ocupados e Moradores em domicílios particulares permanentes ocupados em setores censitários selecionados para a Pesquisa Urbanística do Entorno dos Domicílios, por tipo de esgotamento sanitário, existência e características do entorno por bueiro, iluminação pública, calçada e rampa para cadeirante",False,
10055,Percentual de cobertura de coleta dos domicílios particulares permanentes ocupados dos setores selecionados para a Pesquisa Urbanística do Entorno dos Domicílios,True,09_entorno_urbano
10056,"Taxa bruta de frequência escolar, segundo os grupos de idade, o sexo e a cor ou raça",True,05_educacao
10057,"Pessoas de até 5 anos de idade que frequentavam escola ou creche, por nível de ensino, segundo os grupos de idade, o sexo e a cor ou raça",True,05_educacao
10058,"Pessoas de 6 a 17 anos de idade que frequentavam escola, por nível de ensino, segundo os grupos de idade, o sexo e a cor ou raça",True,05_educacao
10059,"Pessoas de 18 anos ou mais de idade que frequentavam escola, por nível de ensino, segundo os grupos de idade, o sexo e a cor ou raça",True,05_educacao
10061,"Pessoas de 18 anos ou mais de idade, por nível de instrução, segundo os grupos de idade, o sexo e a cor ou raça",True,05_educacao
10062,"Número médio de anos de estudo das pessoas com 11 anos ou mais de idade, segundo os grupos de idade, o sexo e a cor ou raça",True,05_educacao
10064,"Pessoas com nível superior completo, por áreas gerais, específicas e detalhadas de formação do curso graduação concluído, segundo os grupos de idade",False,
10065,"Pessoas com nível superior completo, por áreas gerais, específicas e detalhadas de formação do curso graduação concluído, segundo o sexo e a cor ou raça",False,
10066,"Taxa bruta de frequência escolar das pessoas indígenas, segundo os grupos de idade e o sexo",False,
10067,"Pessoas indígenas de até 5 anos de idade que frequentavam escola ou creche, por nível de ensino, segundo os grupos de idade e o sexo",False,
10068,"Pessoas indígenas de 6 a 17 anos de idade que frequentavam escola, por nível de ensino, segundo os grupos de idade e o sexo",False,
10069,"Pessoas indígenas de 18 anos ou mais de idade que frequentavam escola, por nível de ensino, segundo os grupos de idade e o sexo",False,
10071,"Pessoas indígenas de 18 anos ou mais de idade, por nível de instrução, segundo os grupos de idade e o sexo",False,
10072,"Número médio de anos de estudo das pessoas indígenas com 11 anos ou mais de idade, segundo os grupos de idade e o sexo",False,
10074,"Pessoas indígenas com nível superior completo, por áreas gerais, específicas e detalhadas de formação do curso graduação concluído, segundo o sexo",False,
10075,"Mulheres de 12 anos ou mais de idade, que tiveram filhos nascidos vivos, por número de filhos tidos nascidos vivos, segundo o nível de instrução e os grupos de idade das mulheres",True,14_familias_fecundidade
10076,"Mulheres de 12 anos ou mais de idade, que tiveram filhos nascidos vivos, por número de filhos tidos nascidos vivos, segundo a cor ou raça e os grupos de idade das mulheres",False,
10077,"Mulheres de 12 anos ou mais de idade, que tiveram filhos nascidos vivos, por grupos de idade das mulheres, segundo o nível de instrução e a cor ou raça das mulheres",False,
10078,"Mulheres de 12 anos ou mais de idade, total de filhos tidos nascidos vivos, total de filhos que estavam vivos na data de referência e filhos tidos nascidos vivos no período referência de 12 meses pelas mulheres de 12 anos ou mais de idade, por grupos de idade das mulheres, segundo o nível de instrução e a cor ou raça das mulheres",True,14_familias_fecundidade
10081,"Mulheres indígenas de 12 anos ou mais de idade, que tiveram filhos nascidos vivos, por número de filhos tidos nascidos vivos, segundo os grupos de idade das mulheres",False,
10082,"Mulheres indígenas de 12 anos ou mais de idade, que tiveram filhos nascidos vivos, por grupos de idade das mulheres, segundo o nível de instrução",False,
10083,"Mulheres indígenas de 12 anos ou mais de idade, total de filhos tidos nascidos vivos, total de filhos que estavam vivos na data de referência e filhos tidos nascidos vivos no período de referência de 12 meses pelas mulheres indígenas de 12 anos ou mais de idade, por grupos de idade das mulheres, segundo o nível de instrução",False,
10085,"Mulheres de 12 anos ou mais de idade, que tiveram filhos nascidos vivos, por número de filhos tidos nascidos vivos, segundo os grupos de idade das mulheres e a religião",False,
10086,"Mulheres de 12 anos ou mais de idade, que tiveram filhos nascidos vivos, por número de filhos tidos nascidos vivos, segundo o nível de instrução e a religião das mulheres",False,
10087,"Mulheres de 12 anos ou mais de idade, total de filhos tidos nascidos vivos, total de filhos que estavam vivos na data de referência e filhos tidos nascidos vivos no período de referência de 12 meses pelas mulheres de 12 anos ou mais de idade, por grupos de idade, segundo a religião e o nível de instrução",False,
10088,"Quantidade de faces de quadra em setores censitários selecionados para a Pesquisa Urbanística do Entorno dos Domicílios, por existência e características do entorno, em Favelas e Comunidades Urbanas e fora de Favelas e Comunidades Urbanas - Municípios com presença de Favelas e Comunidades Urbanas",False,
10089,"População residente, total e quilombola, por sexo e grupos de idade, segundo localização e situação do domicílio",True,11_quilombolas
10091,"Taxa de alfabetização da população, total e quilombola, de 15 anos ou mais de idade, por sexo, grupos de idade, localização e situação do domicílio",True,11_quilombolas
10092,"Pessoas de 15 anos ou mais de idade, total e quilombola, por alfabetização, sexo, grupos de idade, localização e situação do domicílio",False,
10095,"Pessoas de até 5 anos de idade, total e quilombolas, por existência e tipo de registro de nascimento, segundo a idade, localização e situação do domicílio",False,
10097,"Índice de envelhecimento, idade mediana e razão de sexo, total e quilombolas, por localização e situação do domicílio",True,11_quilombolas
10099,"Domicílios particulares permanentes ocupados, total e com pelo menos um morador quilombola, e moradores, total e quilombolas, em domicílios particulares permanentes ocupados, por principal forma de abastecimento de água, existência de canalização de água, tipo de esgotamento sanitário, destino do lixo, localização e situação do domicílio",False,
10101,"Moradores, total e quilombolas, em domicílios com pelo menos um morador quilombola, e domicílios com pelo menos um morador quilombola, por espécie, localização e situação do domicílio",False,
10103,"Domicílios particulares permanentes ocupados, total e com pelo menos um morador quilombola, e moradores, total e quilombolas, em domicílios particulares permanentes ocupados, por principal forma de abastecimento de água, localização e situação do domicílio",False,
10105,"Domicílios particulares permanentes ocupados, total e com pelo menos um morador quilombola, e moradores, total e quilombolas, em domicílios particulares permanentes ocupados, por tipo de esgotamento sanitário, localização e situação do domicílio",False,
10107,"Domicílios particulares permanentes ocupados, total e com pelo menos um morador quilombola, e moradores, total e quilombolas, em domicílios particulares permanentes ocupados, por existência de banheiro ou sanitário e número de banheiros de uso exclusivo do domicílio, localização e situação do domicílio",False,
10109,"Domicílios particulares permanentes ocupados, total e com pelo menos um morador quilombola, e moradores, total e quilombolas, em domicílios particulares permanentes ocupados, por destino do lixo, localização e situação do domicílio",False,
10111,"Média de moradores, total e quilombolas, em domicílios particulares com pelo menos um morador quilombola, por sexo, grupos de idade e pertencimento étnico quilombola da pessoa responsável pelo domicílio, segundo localização e situação do domicílio",False,
10113,"Óbitos de pessoas que haviam residido com moradores dos domicílios particulares permanentes ocupados com pelo menos um morador quilombola, por mês e ano de ocorrência do falecimento, sexo e grupos de idade das pessoas ao falecerem, segundo localização e situação do domicílio",False,
10115,"Domicílios particulares com pelo menos um morador quilombola, por presença de cônjuge da pessoa responsável pelo domicílio, segundo localização e situação do domicílio",False,
10117,"Domicílios particulares com pelo menos um morador quilombola, por número de moradores, segundo sexo, grupos de idade e pertencimento étnico quilombola da pessoa responsável pelo domicílio, segundo localização e situação do domicílio",False,
10119,"Domicílios particulares com pelo menos um morador quilombola, por presença de cônjuge da pessoa responsável e filhos da pessoa responsável ou do cônjuge, segundo o sexo e pertencimento étnico quilombola da pessoa responsável pelo domicílio e a localização e situação do domicílio",False,
10121,"Moradores em domicílios particulares com pelo menos um morador quilombola, por condição no domicílio, segundo sexo, grupos de idade e pertencimento étnico quilombola da pessoa responsável pelo domicílio, segundo localização e situação do domicílio",False,
10125,"Pessoas residentes de 2 anos ou mais de idade, total e pessoas com deficiência, por sexo e grupos de idade",True,12_deficiencia_autismo
10126,"Pessoas residentes de 2 anos ou mais de idade, total e pessoas com deficiência, por cor ou raça",True,12_deficiencia_autismo
10127,Pessoas residentes de 2 anos ou mais de idade com deficiência por tipos de dificuldades funcionais,True,12_deficiencia_autismo
10128,Pessoas residentes de 2 anos ou mais de idade com deficiência por quantidade de dificuldades funcionais,True,12_deficiencia_autismo
10129,"Pessoas residentes de 2 anos ou mais de idade, total, indígenas e pessoas com deficiência",False,
10130,Pessoas residentes de 2 anos ou mais de idade por sexo e existência de deficiência,True,12_deficiencia_autismo
10131,Pessoas residentes de 2 anos ou mais de idade por grupo de idade e existência de deficiência,False,
10132,Pessoas residentes de 2 anos ou mais de idade por cor ou raça e existência de deficiência,False,
10133,Pessoas residentes de 2 anos ou mais de idade por tipo e por grau de dificuldade funcional,True,12_deficiencia_autismo
10134,"Pessoas residentes de 2 anos ou mais de idade, total e indígenas, por existência de deficiência",False,
10135,"Taxa de analfabetismo das pessoas de 15 anos ou mais de idade por grupo de idade, cor ou raça, sexo e existência de deficiência",False,
10136,"Estudantes de 6 anos ou mais de idade, por sexo, grupos de idade e existência de deficiência",False,
10137,"Estudantes de 6 anos ou mais de idade, por cor ou raça, grupos de idade e existência de deficiência",False,
10138,"Estudantes de 6 anos ou mais de idade, por curso que frequentavam, grupos de idade e existência de deficiência",False,
10139,"Taxa de escolarização das pessoas de 6 anos ou mais de idade, por sexo, grupos de idade e existência de deficiência",False,
10140,"Taxa de escolarização das pessoas de 6 anos ou mais de idade, por cor ou raça, grupos de idade e existência de deficiência",False,
10141,"Pessoas de 25 anos ou mais de idade por sexo, nível de instrução e existência de deficiência",False,
10142,"Pessoas de 25 anos ou mais de idade por cor ou raça, nível de instrução e existência de deficiência",False,
10143,"Moradores em domicílios particulares permanentes, total e pessoas com deficiência, e domicílios particulares permanentes ocupados, total e com pelo menos um morador com deficiência, por tipos de domicílios",False,
10144,"Moradores em domicílios particulares permanentes ocupados, total e pessoas com deficiência, e domicílios particulares permanentes ocupados, total e com pelo menos um morador com deficiência, por existência de banheiro ou sanitário e números de banheiros de uso exclusivo do domicílio e acesso à rede geral de distribuição de água",False,
10145,"População residente, total e diagnosticada com autismo, por sexo e grupo de idade",True,12_deficiencia_autismo
10146,"Estudantes de 6 anos ou mais de idade, total e diagnosticados com autismo, por curso que frequentavam e grupo de idade",False,
10147,"População residente, total e diagnosticada com autismo, por cor ou raça",True,12_deficiencia_autismo
10148,"Estudantes de 6 anos ou mais de idade, total e diagnosticados com autismo, por sexo e grupo de idade dos estudantes",False,
10149,"Estudantes de 6 anos ou mais de idade, total e diagnosticados com autismo, por cor ou raça e grupo de idade dos estudantes",False,
10150,"Taxa de escolarização das pessoas de 6 anos ou mais de idade, total e pessoas diagnosticadas com autismo, por sexo e grupo de idade",False,
10151,"Taxa de escolarização das pessoas de 6 anos ou mais de idade, total e pessoas diagnosticadas com autismo, por cor ou raça e grupo de idade",False,
10152,"Moradores em domicílios particulares permanentes ocupados, total e pessoas com deficiência, e domicílios particulares permanentes ocupados, total e com pelo menos um morador com deficiência, por destino do lixo",False,
10153,"Pessoas de 25 anos ou mais de idade, total e diagnosticadas com autismo, por sexo e nível de instrução",True,12_deficiencia_autismo
10154,"Moradores em domicílios particulares permanentes ocupados, total e pessoas diagnosticadas com autismo, e domicílios particulares permanentes ocupados, total e com pelo menos um morador diagnosticado com autismo, por existência de banheiro ou sanitário e números de banheiros de uso exclusivo do domicílio e acesso à rede geral de distribuição de água",False,
10157,"População residente, por nacionalidade, sexo e grupos de idade",True,13_migracao
10158,"Pessoas que residiam há menos de 10 anos ininterruptos no município, por tempo ininterrupto de residência no município e lugar de residência anterior",True,13_migracao
10159,"Pessoas de 5 anos ou mais de idade que não residiam na Unidade da Federação 5 anos antes da data de referência, por lugar de residência 5 anos antes da data de referência",False,
10160,"Pessoas de 5 anos ou mais de idade que não residiam no município 5 anos antes da data de referência, por sexo e grupos de idade",True,13_migracao
10161,"Pessoas de 5 anos ou mais de idade que não residiam no Brasil 5 anos antes da data de referência, por sexo, segundo o país de residência 5 anos antes da data de referência",True,13_migracao
10164,"Taxa de analfabetismo das pessoas indígenas de 15 anos ou mais de idade por grupo de idade, sexo e existência de deficiência",False,
10165,"Estudantes indígenas de 6 anos ou mais de idade, por grupos de idade e existência de deficiência",False,
10166,"Taxa de escolarização das pessoas indígenas de 6 anos ou mais de idade, por grupos de idade e existência de deficiência",False,
10167,Pessoas indígenas de 25 anos ou mais de idade por nível de instrução e existência de deficiência,False,
10168,"Pessoas indígenas, total e diagnosticadas com autismo",False,
10169,"Estudantes indígenas de 6 anos ou mais de idade, total e diagnosticados com autismo, por grupo de idade dos estudantes",False,
10170,"Taxa de escolarização das pessoas indígenas de 6 anos ou mais de idade, total e pessoas diagnosticadas com autismo, por grupo de idade",False,
10171,"Domicílios e moradores em setores censitários selecionados para a Pesquisa Urbanística do Entorno dos Domicílios, por espécie do domicílio e existência e características do entorno, em Favelas e Comunidades Urbanas e fora de Favelas e Comunidades Urbanas - Municípios com presença de Favelas e Comunidades Urbanas",False,
10172,"Domicílios particulares permanentes ocupados e moradores em domicílios particulares permanentes ocupados em setores censitários selecionados para a Pesquisa Urbanística do Entorno dos Domicílios, por tipo de domicílio e existência e características do entorno, em Favelas e Comunidades Urbanas e fora de Favelas e Comunidades Urbanas - Municípios com presença de Favelas e Comunidades Urbanas",False,
10175,"Famílias residentes em domicílios particulares permanentes, por tipo de família e número de componentes das famílias",True,14_familias_fecundidade
10176,"Famílias únicas e conviventes principais, residentes em domicílios particulares permanentes, por número de componentes, segundo o sexo, a cor ou raça e o nível de instrução das pessoas responsáveis pelas famílias",True,14_familias_fecundidade
10182,"Famílias únicas e conviventes principais, com responsável e cônjuge ou companheiro(a), residentes em domicílios particulares permanentes, por número de filhos menores de 10 anos, segundo o sexo, o nível de instrução e a cor ou raça da pessoa responsável pela família",False,
10183,"Pessoas de 10 anos ou mais de idade, por estado conjugal, segundo o sexo, os grupos de idade e a religião",True,14_familias_fecundidade
10184,"Pessoas de 10 anos ou mais de idade, por estado conjugal, segundo os grupos de idade e o nível de instrução",False,
10185,"Pessoas de 10 anos ou mais de idade, por estado conjugal, segundo o sexo, os grupos de idade e a cor ou raça",False,
10187,"Pessoas de 10 anos ou mais de idade, que viviam em união conjugal, por natureza da união conjugal, segundo o sexo, os grupos de idade e a religião",False,
10190,"Famílias únicas e conviventes principais, com pelo menos uma pessoa indígena no domicílio, residentes em domicílios particulares permanentes, por número de componentes, segundo o sexo e o nível de instrução das pessoas responsáveis pelas famílias",False,
10194,"Famílias únicas e conviventes principais, com pelo menos uma pessoa indígena no domicílio, com responsável e pelo menos um cônjuge ou companheiro(a), residentes em domicílios particulares permanentes, por número de filhos menores de 10 anos, segundo o tipo de composição domiciliar, o sexo e o nível de instrução das pessoas responsáveis pela família",False,
10195,"Pessoas indígenas de 10 anos ou mais de idade, por estado conjugal, segundo o sexo, e os grupos de idade",False,
10198,"Pessoas de 15 anos ou mais de idade por religião, segundo os grupos de idade e alfabetização",True,15_religiao
10199,"Pessoas de 25 anos ou mais de idade, por nível de instrução, sexo e religião",True,15_religiao
10200,"Pessoas de 13 a 17 anos de idade, por frequência à escola, sexo e segundo a religião",False,
10201,"Moradores com 10 anos ou mais de idade em domicílios particulares permanentes ocupados, por existência de conexão domiciliar à Internet e segundo a religião",False,
10202,"Moradores com 10 anos ou mais de idade em domicílios particulares permanentes ocupados, por condição de ocupação do domicílio, cor ou raça e segundo a religião",False,
10203,"Pessoas de 10 anos ou mais de idade, por tipo e grau de dificuldade funcional, sexo e segundo a religião",False,
10204,"Pessoas indígenas de 10 anos ou mais de idade, por sexo, segundo a religião",False,
10205,"Moradores indígenas com 10 anos ou mais de idade em domicílios particulares permanentes ocupados, por condição de ocupação do domicílio e segundo a religião",False,
10206,"Moradores em domicílios particulares permanentes ocupados em setores censitários selecionados para a Pesquisa Urbanística do Entorno dos Domicílios, por cor ou raça e existência e características do entorno, em Favelas e Comunidades Urbanas e fora de Favelas e Comunidades Urbanas - Municípios com presença de Favelas e Comunidades Urbanas",False,
10211,"População residente, segundo localização e situação do domicílio",False,
10215,"População residente em Unidades de Conservação, segundo esferas da Unidade de Conservação",False,
10216,"População residente em Unidades de Conservação, segundo categorias das Unidades de Conservação",False,
10217,"População residente em Unidades de Conservação, por sexo e grupos de idade, segundo grupos das Unidades de Conservação",False,
10253,"Pessoas de 10 anos ou mais de idade, por situação de ocupação na semana de referência, sexo, cor ou raça e grupos de idade",False,
10261,"Pessoas de 14 anos ou mais de idade ocupadas na semana de referência por posição na ocupação e categoria do emprego no trabalho principal, sexo e cor ou raça",True,07_trabalho
10262,"Pessoas de 14 anos ou mais de idade ocupadas na semana de referência, por posição na ocupação e categoria do emprego no trabalho principal e seção de atividade do trabalho principal",True,07_trabalho
10263,"Pessoas de 14 anos ou mais de idade ocupadas na semana de referência, por sexo, cor ou raça, nível de instrução e número de trabalhos",True,07_trabalho
10264,"Pessoas de 14 anos ou mais de idade ocupadas na semana de referência, por sexo, cor ou raça, condição de contribuição para instituto de previdência oficial no trabalho principal e grandes grupos de ocupação no trabalho principal",True,07_trabalho
10265,"Pessoas de 14 anos ou mais de idade ocupadas na semana de referência, por sexo, nível de instrução e a posição na ocupação e categoria do emprego no trabalho principal",False,
10266,"Pessoas de 14 anos ou mais de idade ocupadas na semana de referência, por sexo, cor ou raça, condição de contribuição para instituto de previdência oficial no trabalho principal e seção de atividade econômica do trabalho principal",False,
10268,"Pessoas de 10 anos ou mais de idade, total e ocupadas na semana de referência, e nível da ocupação, na semana de referência, das pessoas de 10 anos ou mais de idade, por sexo, cor ou raça e grupo de idade",True,07_trabalho
10269,"Pessoas de 10 anos ou mais de idade, não ocupadas na semana de referência, total e que trabalharam para alimentação dos moradores do domicílio na roça, criação de animais, pesca, extrativismo ou caça, por sexo, cor ou raça e grupos de idade.",True,07_trabalho
10270,"Pessoas indígenas de 14 anos ou mais de idade, por condição em relação à força de trabalho e condição de ocupação na semana de referência, sexo e nível de instrução",False,
10271,"Pessoas indígenas de 10 anos ou mais de idade, por situação de ocupação na semana de referência, sexo e grupos de idade",False,
10272,"Pessoas indígenas de 14 anos ou mais de idade ocupadas na semana de referência por posição na ocupação, categoria do emprego no trabalho principal e sexo",False,
10273,"Pessoas indígenas de 14 anos ou mais de idade ocupadas na semana de referência, por sexo, condição de contribuição para instituto de previdência oficial no trabalho principal e grandes grupos de ocupação no trabalho principal",False,
10274,"Pessoas indígenas de 14 anos ou mais de idade ocupadas na semana de referência, por sexo, condição de contribuição para instituto de previdência oficial no trabalho principal e seção de atividade econômica do trabalho principal",False,
10275,"Pessoas indígenas de 14 anos ou mais de idade, por sexo, grupos de idade e nível de ocupação na semana de referência",False,
10276,"Pessoas indígenas de 14 anos ou mais de idade ocupadas na semana de referência, por sexo, nível de instrução e número de trabalhos",False,
10278,"Pessoas indígenas de 10 anos ou mais de idade, total e ocupadas na semana de referência, e nível da ocupação, na semana de referência, das pessoas indígenas de 10 anos ou mais de idade, por sexo e grupos de idade",False,
10279,"Pessoas indígenas de 10 anos ou mais de idade, total e que trabalharam para alimentação dos moradores do domicílio na roça, criação de animais, pesca, extrativismo ou caça, por sexo e grupos de idade.",False,
10280,"Pessoas de 14 anos ou mais de idade, ocupadas na semana de referência, com rendimento de trabalho, Valor do rendimento nominal mensal médio e mediano de todos os trabalhos, por sexo e segundo a posição na ocupação e categoria do emprego no trabalho principal",True,06_renda
10281,"Pessoas de 14 anos ou mais de idade, ocupadas na semana de referência com rendimento de trabalho e Valor do rendimento nominal mensal médio e mediano de todos os trabalhos, segundo o sexo, a cor ou raça, o nível de instrução e a condição de contribuição para instituto de previdência oficial no trabalho principal",False,
10286,"Pessoas de 14 anos ou mais de idade ocupadas na semana de referência, com rendimento de trabalho, Valor do rendimento nominal mensal médio e mediano de todos os trabalhos, com rendimento de trabalho, por sexo e condição de contribuição para instituto de previdência oficial no trabalho principal e seção de atividade do trabalho principal",False,
10289,"Massa de rendimento nominal mensal de todos os trabalhos, Valor do rendimento nominal mensal médio e mediano de todos os trabalhos das pessoas de 14 anos ou mais de idade, ocupadas na semana de referência, com rendimento de trabalho, por sexo e cor ou raça",True,06_renda
10291,"Pessoas de 10 anos ou mais de idade, ocupadas na semana de referência e com rendimento de trabalho, Valor do rendimento nominal mensal médio mensal e mediano de todos os trabalhos, por sexo, cor ou raça e grupos de idade",False,
10292,"Pessoas de 14 anos ou mais ocupadas na semana de referência e sua distribuição, por sexo e classes de rendimento de todos os trabalhos em salários mínimos",True,06_renda
10295,"Moradores em domicílios particulares permanentes ocupados, exclusive os cuja condição no domicílio era pensionista, empregado(a) doméstico(a) ou parente do(a) empregado(a) doméstico(a), valor do rendimento domiciliar mensal per capita, médio e mediano, por sexo, cor ou raça e grupos de idade",True,06_renda
10296,"Moradores em domicílios particulares permanentes ocupados, exclusive os cuja condição no domicílio era pensionista, empregado(a) doméstico(a) ou parente do(a) empregado(a) doméstico(a), por sexo, cor ou raça e classes de rendimento domiciliar per capita em salários mínimos",True,06_renda
10297,"Participação percentual na composição do rendimento nominal mensal domiciliar dos moradores em domicílios particulares permanentes ocupados, exclusive os cuja condição no domicílio era pensionista, empregado(a) doméstico(a) ou parente do(a) empregado(a) doméstico(a), por tipo de rendimento",True,06_renda
10299,"Pessoas de 14 anos ou mais de idade, Valor do rendimento nominal mensal médio e mediano, por sexo, condição em relação à força de trabalho e condição de ocupação na semana de referência e grupos de idade",True,06_renda
10300,"Pessoas de 14 anos ou mais de idade moradoras em domicílios particulares permanentes ocupados, exclusive os cuja condição no domicílio era pensionista, empregado(a) doméstico(a) ou parente do(a) empregado(a) doméstico(a), por condição em relação à força de trabalho e condição de ocupação na semana de referência e as classes de rendimento nominal mensal em salários mínimos",False,
10306,Pessoas indígenas de 14 anos ou mais ocupadas na semana de referência e sua distribuição por sexo e classes de rendimento de todos os trabalhos em salários mínimos,False,
10307,"Pessoas indígenas de 14 anos ou mais de idade, ocupadas na semana de referência, com rendimento de trabalho e Valor do rendimento nominal mensal médio e mediano de todos os trabalhos, por sexo, nível de instrução e condição de contribuição para instituto de previdência oficial no trabalho principal",False,
10308,"Massa de rendimento nominal mensal de todos os trabalhos, Valor do rendimento nominal mensal médio e mediano de todos os trabalhos das pessoas indígenas de 14 anos ou mais de idade, ocupadas na semana de referência, com rendimento de trabalho, por sexo",False,
10310,"População indígena moradora em domicílios particulares permanentes ocupados, exclusive os cuja condição no domicílio era pensionista, empregado(a) doméstico(a) ou parente do(a) empregado(a) doméstico(a), por sexo e classes de rendimento domiciliar per capita em salários mínimos",False,
10316,"População indígena moradora em domicílios particulares permanentes ocupados, exclusive os cuja condição no domicílio era pensionista, empregado(a) doméstico(a) ou parente do(a) empregado(a) doméstico(a), valor do rendimento domiciliar per capita mensal, médio e mediano, por sexo e grupos de idade",False,
10317,"Pessoas indígenas de 14 anos ou mais de idade ocupadas na semana de referência, valor do rendimento nominal mensal, médio e mediano, por sexo e grupos de idade",False,
10321,"Pessoas residentes em domicílios particulares, que frequentavam escola ou creche, por sexo, local da creche ou escola que frequentavam, cor ou raça e classes de rendimento nominal mensal domiciliar per capita",True,16_deslocamentos
10324,"Pessoas residentes em domicílios particulares, que frequentavam escola ou creche, por sexo, local da escola ou creche que frequentavam, os grupos de idade e o curso que frequentavam",True,16_deslocamentos
10329,"Pessoas de 10 anos ou mais de idade residentes em domicílios particulares, ocupadas na semana de referência, por local de exercício do trabalho principal, se retorna do trabalho para casa 3 dias ou mais na semana, sexo e classes de rendimento nominal mensal domiciliar per capita",True,16_deslocamentos
10330,"Pessoas de 10 anos ou mais de idade, ocupadas na semana de referência, que, no trabalho principal, trabalhavam fora do domicílio e retornavam 3 dias ou mais na semana do trabalho para o domicílio, por cor ou raça, tempo habitual de deslocamento do domicílio para o trabalho principal, por meio de transporte em que passa mais tempo para chegar ao local de trabalho e local do exercício do trabalho principal",True,16_deslocamentos
10331,"Pessoas de 10 anos ou mais de idade residentes em domicílios particulares, ocupadas na semana de referência, que, no trabalho principal, trabalhavam fora do domicílio, por tempo habitual de deslocamento do domicílio para o trabalho principal, sexo, cor ou raça e classes de rendimento nominal mensal domiciliar per capita",True,16_deslocamentos
10332,"Pessoas de 10 anos ou mais de idade, ocupadas na semana de referência, que, no trabalho principal, trabalhavam fora do domicílio, por meio de transporte em que passa mais tempo para chegar ao local de trabalho, nível de instrução e cor ou raça",True,16_deslocamentos
10333,"Pessoas de 10 anos ou mais de idade, ocupadas na semana de referência, que, no trabalho principal, trabalhavam fora do domicílio, por tempo habitual de deslocamento do domicílio para o trabalho principal, nível de instrução, grupo de idade e cor ou raça",False,
10334,"Pessoas indígenas residentes em domicílios particulares, que frequentavam escola ou creche, por sexo, local da escola ou creche que frequentavam e classes de rendimento nominal mensal domiciliar per capita",False,
10335,"Pessoas indígenas de 10 anos ou mais de idade, ocupadas na semana de referência, que, no trabalho principal, trabalhavam fora do domicílio ou propriedade e retornavam 3 dias ou mais na semana do trabalho para o domicílio, por tempo habitual de deslocamento do domicílio para o trabalho principal, por meio de transporte em que passa mais tempo para chegar ao local de trabalho e local do exercício do trabalho principal",False,
10336,"Pessoas indígenas de 10 anos ou mais de idade residentes em domicílios particulares, ocupadas na semana de referência, que, no trabalho principal, trabalhavam fora do domicílio ou propriedade, por tempo habitual de deslocamento do domicílio para o trabalho principal, sexo e as classes de rendimento nominal mensal domiciliar per capita",False,
10337,"Pessoas indígenas de 10 anos ou mais de idade, ocupadas na semana de referência, que, no trabalho principal, trabalhavam fora do domicílio ou propriedade, por meio de transporte em que passa mais tempo para chegar ao local de trabalho e nível de instrução",False,
10338,"Pessoas indígenas de 10 anos ou mais de idade, ocupadas na semana de referência, que, no trabalho principal, trabalhavam fora do domicílio ou propriedade, por tempo habitual de deslocamento do domicílio para o trabalho principal, meio de transporte em que passa mais tempo para chegar ao local de trabalho, nível de instrução e grupos de idade",False,
10339,"Moradores em domicílios particulares permanentes ocupados em setores censitários selecionados para a Pesquisa Urbanística do Entorno dos Domicílios, por sexo, grupos de idade e existência e características do entorno, em Favelas e Comunidades Urbanas e fora de Favelas e Comunidades Urbanas - Municípios com presença de Favelas e Comunidades Urbanas",False,
10340,"Moradores em domicílios particulares permanentes ocupados em setores censitários selecionados para a Pesquisa Urbanística do Entorno dos Domicílios, total e indígenas, por sexo e existência e características do entorno, em Favelas e Comunidades Urbanas e fora de Favelas e Comunidades Urbanas - Municípios com presença de Favelas e Comunidades Urbanas",False,
10341,"Domicílios particulares permanentes ocupados e moradores em domicílios particulares permanentes ocupados em setores censitários selecionados para a Pesquisa Urbanística do Entorno dos Domicílios, por existência de ligação à rede geral de distribuição de água e principal forma de abastecimento de água e existência e características do entorno, em Favelas e Comunidades Urbanas e fora de Favelas e Comunidades Urbanas - Municípios com presença de Favelas e Comunidades Urbanas",False,
10342,"Domicílios particulares permanentes ocupados e moradores em domicílios particulares permanentes ocupados em setores censitários selecionados para a Pesquisa Urbanística do Entorno dos Domicílios, por existência de canalização de água, principal forma de abastecimento de água e existência e características do entorno, em Favelas e Comunidades Urbanas e fora de Favelas e Comunidades Urbanas - Municípios com presença de Favelas e Comunidades Urbanas",False,
10343,"Domicílios particulares permanentes ocupados e moradores em domicílios particulares permanentes ocupados em setores censitários selecionados para a Pesquisa Urbanística do Entorno dos Domicílios, por existência de banheiro ou sanitário e número de banheiros de uso exclusivo do domicílio e existência e características do entorno, em Favelas e Comunidades Urbanas e fora de Favelas e Comunidades Urbanas - Municípios com presença de Favelas e Comunidades Urbanas",False,
10344,"Domicílios particulares permanentes ocupados e moradores em domicílios particulares permanentes ocupados em setores censitários selecionados para a Pesquisa Urbanística do Entorno dos Domicílios, por tipo de esgotamento sanitário e existência e características do entorno, em Favelas e Comunidades Urbanas e fora de Favelas e Comunidades Urbanas - Municípios com presença de Favelas e Comunidades Urbanas",False,
10345,"Domicílios particulares permanentes ocupados e moradores em domicílios particulares permanentes ocupados em setores censitários selecionados para a Pesquisa Urbanística do Entorno dos Domicílios, por destino do lixo e existência e características do entorno, em Favelas e Comunidades Urbanas e fora de Favelas e Comunidades Urbanas - Municípios com presença de Favelas e Comunidades Urbanas",False,
10346,"Número de estabelecimentos, por espécie (finalidade ou uso), e número de edificações em construção ou em reforma em setores selecionados para a Pesquisa Urbanística do Entorno dos Domicílios, por existência e características do entorno, em Favelas e Comunidades Urbanas e fora de Favelas e Comunidades Urbanas - Municípios com presença de Favelas e Comunidades Urbanas",False,
10381,"Pessoas de 10 anos ou mais ocupadas na semana de referência e sua distribuição, por cor ou raça, segundo as classes de rendimento de todos os trabalhos",False,
10392,"Pessoas indígenas de 2 anos ou mais de idade, idade mediana de pessoas indígenas com 2 anos ou mais de idade, por status de declaração de etnia, status de declaração de língua indígena, condição de falar português no domicílio, localização e situação do domicílio",False,
10412,"Número de etnias, povos ou grupos indígenas e número de línguas indígenas faladas ou utilizadas por pessoas indígenas nos domicílios",False,
10413,"Número de etnias, povos ou grupos indígenas em Terras Indígenas e número de línguas indígenas faladas ou utilizadas por pessoas indígenas nos domicílios em Terras Indígenas",False,
10426,"Pessoas indígenas e idade mediana das pessoas indígenas, por status de declaração de etnia, localização e situação do domicílio",False,
1539,"Pessoas de 10 anos ou mais de idade, por estado conjugal",False,
2145,"Naturalizados brasileiros e Estrangeiros, por grupos de anos em que fixaram residência no país, sexo e grupos de idade",True,13_migracao
3182,"Pessoas que já residiram fora do município, por tempo ininterrupto de residência no município, sexo e grupos de idade",True,13_migracao
3517,"Famílias únicas e conviventes principais residentes em domicílios particulares, por número de componentes, segundo o sexo, os grupos de idade e o nível de instrução das pessoas responsáveis pelas famílias",False,
4709,"População residente, Variação absoluta de população residente e Taxa de crescimento geométrico",True,01_populacao
4711,"Domicílios recenseados, por espécie",True,03_domicilios
4712,"Domicílios particulares permanentes ocupados, Moradores em domicílios particulares permanentes ocupados e Média de moradores em domicílios particulares permanentes ocupados",True,03_domicilios
4714,"População Residente, Área territorial e Densidade demográfica",True,01_populacao
617,Brasileiros natos por unidade da federação de nascimento e grupos de idade,False,
631,"População residente, por sexo e lugar de nascimento",True,13_migracao
6326,"Domicílios particulares permanentes ocupados, por tipo de domicílio",True,03_domicilios
6417,"Pessoas de 10 anos ou mais de idade, por cor ou raça, segundo o sexo e a religião",False,
6580,"Pessoas de 14 anos ou mais de idade, por condição em relação à força de trabalho e condição de ocupação na semana de referência, sexo e grupos de idade",True,07_trabalho
6584,"Óbitos de pessoas que haviam residido com moradores dos domicílios particulares, por mês e ano de ocorrência do falecimento, sexo e grupos de idade das pessoas ao falecerem",True,18_registro_obitos
6591,"Moradores em domicílios particulares permanentes ocupados, em setores censitários selecionados para a Pesquisa Urbanística do Entorno dos Domicílios, por sexo, grupos de idade e existência e características do entorno",False,
6740,"Pessoas de até 5 anos de idade, por existência e tipo de registro de nascimento, segundo a cor ou raça e a idade",True,18_registro_obitos
6741,"Pessoas indígenas de até 5 anos de idade, por existência e tipo de registro de nascimento, segundo a idade",False,
6750,"Moradores em domicílios particulares permanentes ocupados, em setores censitários selecionados para a Pesquisa Urbanística do Entorno dos Domicílios, por sexo, cor ou raça e existência e características do entorno",False,
6751,"Domicílios particulares permanentes ocupados e moradores em domicílios particulares permanentes ocupados, em setores censitários selecionados para a Pesquisa Urbanística do Entorno dos Domicílios, por existência de ligação à rede geral de distribuição de água e principal forma de abastecimento de água, e existência e características do entorno",False,
6752,"Domicílios particulares permanentes ocupados e moradores em domicílios particulares permanentes ocupados, em setores selecionados para a Pesquisa Urbanística do Entorno dos Domicílios, por existência de banheiro ou sanitário e número de banheiros de uso exclusivo do domicílio, e existência e características do entorno",False,
6803,"Domicílios particulares permanentes ocupados, por existência de ligação à rede geral de distribuição de água e principal forma de abastecimento de água",True,04_saneamento
6804,"Domicílios particulares permanentes ocupados, por existência de canalização de água e principal forma de abastecimento de água",True,04_saneamento
6805,"Domicílios particulares permanentes ocupados, por tipo de esgotamento sanitário",True,04_saneamento
6806,"Domicílios particulares permanentes ocupados, por existência de banheiro ou sanitário e número de banheiros de uso exclusivo do domicílio e por tipo de esgotamento sanitário",True,04_saneamento
6892,"Domicílios particulares permanentes ocupados, por destino do lixo",True,04_saneamento
6893,"Moradores em domicílios particulares permanentes ocupados, por tipo do domicílio, segundo grupos de idade e cor ou raça",False,
6894,"Moradores em domicílios particulares permanentes ocupados, por existência de ligação à rede geral de distribuição de água e principal forma de abastecimento de água, segundo grupos de idade e cor ou raça",True,04_saneamento
6909,"Moradores em domicílios particulares permanentes ocupados, por existência de canalização de água e a principal forma de abastecimento de água, segundo grupos de idade e cor ou raça",True,04_saneamento
7240,"População, total e indígena, de 15 anos ou mais de idade, por alfabetização, sexo, idade, quesito de declaração e localização do domicílio",False,
7523,"Domicílios particulares permanentes ocupados e moradores em domicílios particulares permanentes ocupados, em setores censitários selecionados para a Pesquisa Urbanística do Entorno dos Domicílios, por destino do lixo, e existência e características do entorno",False,
7555,"Moradores em domicílios particulares permanentes ocupados, por tipo de esgotamento sanitário, segundo grupos de idade e cor ou raça",True,04_saneamento
8175,"População indígena, por localização do domicílio, grupos de idade e sexo",False,
8176,"População quilombola, por localização do domicílio, grupos de idade e sexo",False,
8177,"Índice de envelhecimento, idade mediana e razão de sexo da população indígena, segundo localização do domicílio e quesito de declaração",False,
8178,"Índice de envelhecimento, idade mediana e razão de sexo da população quilombola por localização do domicílio",False,
8180,"Pessoas indígenas de 15 anos ou mais de idade, total e as alfabetizadas, por sexo e grupos de idade",True,10_indigenas
8181,Taxa de alfabetização das pessoas indígenas de 15 anos ou mais de idade por sexo e grupos de idade,True,10_indigenas
9397,"Moradores em domicílios particulares permanentes ocupados, por existência de banheiro ou sanitário e número de banheiros de uso exclusivo do domicílio e por tipo de esgotamento sanitário, segundo grupos de idade e cor ou raça",True,04_saneamento
9425,"População, total e indígena, de 15 anos ou mais de idade residente em Terras Indígenas, por alfabetização, sexo, idade e quesito de declaração, segundo as Terras Indígenas",False,
9514,"População residente, por sexo, idade e forma de declaração da idade",True,01_populacao
9515,"Índice de envelhecimento, idade mediana e razão de sexo da população",True,01_populacao
9517,"Pessoas de 14 anos ou mais de idade, por condição em relação à força de trabalho e condição de ocupação na semana de referência, sexo, cor ou raça e nível de instrução",True,07_trabalho
9537,"Pessoas de 10 anos ou mais de idade, por religião, segundo o sexo e os grupos de idade",True,15_religiao
9541,"Moradores em domicílios particulares permanentes ocupados, por destino do lixo, segundo grupos de idade e cor ou raça",True,04_saneamento
9542,"Pessoas de 15 anos ou mais de idade, total e as alfabetizadas, por sexo, cor ou raça e grupos de idade",True,05_educacao
9543,"Taxa de alfabetização das pessoas de 15 anos ou mais de idade por sexo, cor ou raça e grupos de idade",True,05_educacao
9578,"População residente, total e quilombola, por localização do domicílio",True,11_quilombolas
9583,"Domicílios particulares permanentes ocupados, em setores censitários selecionados para a Pesquisa Urbanística do Entorno dos Domicílios, por tipo de domicílio e existência e características do entorno",True,09_entorno_urbano
9584,"Domicílios em setores censitários selecionados para a Pesquisa Urbanística do Entorno dos Domicílios, por espécie, e existência e características do entorno",True,09_entorno_urbano
9585,"Domicílios particulares permanentes ocupados, em setores censitários selecionados para a Pesquisa Urbanística do Entorno dos Domicílios, por existência e características do entorno, segundo as classes de tamanho de população dos municípios",False,
9586,"Quantidade de faces de quadras por existência e características do entorno, em setores censitários selecionados para a Pesquisa Urbanística do Entorno dos Domicílios",True,09_entorno_urbano
9587,"Moradores em domicílios particulares permanentes ocupados, em setores censitários selecionados para a Pesquisa Urbanística do Entorno dos Domicílios, por sexo, grupos de idade e características do entorno por bueiro, iluminação pública, calçada e rampa para cadeirante",True,09_entorno_urbano
9605,"População residente, por cor ou raça, nos Censos Demográficos",True,02_cor_raca
9606,"População residente, por cor ou raça, segundo o sexo e a idade",True,02_cor_raca
9608,"População indígena, por grupos de idade e sexo",True,10_indigenas
9718,"População residente, total e indígena, por localização do domicílio e quesito de declaração indígena nos Censos Demográficos - Primeiros Resultados do Universo",True,10_indigenas
9719,"População residente em terras indígenas, total e indígenas, por quesito de declaração indígena, segundo as Terras Indígenas - Primeiros Resultados do Universo",False,
9720,"Domicílios particulares permanentes ocupados com pelo menos um morador indígena e Moradores, total e indígenas, em domicílios particulares permanentes ocupados com pelo menos um morador indígena, por localização do domicílio, nos Censos Demográficos – Primeiros Resultados do Universo",True,10_indigenas
9721,"Domicílios particulares permanentes ocupados com pelo menos um morador indígena e Moradores, total e indígenas, em domicílios particulares permanentes ocupados com pelo menos um morador indígena, segundo as Terras Indígenas – Primeiros Resultados do Universo",False,
9722,"Domicílios particulares permanentes ocupados localizados em terras indígenas e Moradores, total e indígenas, em domicílios particulares permanentes ocupados localizados em terras indígenas, segundo as Terras Indígenas, nos Censos Demográficos – Primeiros Resultados do Universo",False,
9723,"População residente em territórios quilombolas, total e quilombola, segundo os Territórios Quilombolas",False,
9724,"Domicílios particulares permanentes ocupados com pelo menos um morador quilombola e Moradores, total e moradores quilombolas, em domicílios particulares permanentes ocupados com pelo menos um morador quilombola, por localização do domicílio",True,11_quilombolas
9725,"Domicílios particulares permanentes ocupados localizados em territórios quilombolas e Moradores, total e quilombolas, em domicílios particulares permanentes ocupados em territórios quilombolas, segundo os Territórios Quilombolas",False,
9726,"Domicílios particulares permanentes ocupados com pelo menos um morador quilombola e Moradores, total e quilombolas, em domicílios particulares permanentes ocupados com pelo menos um morador quilombola, segundo os Territórios Quilombolas",False,
9727,"Domicílios particulares permanentes ocupados e Moradores, total e quilombolas, em domicílios particulares permanentes ocupados, segundo localização do domicílio",False,
9728,"Domicílios particulares permanentes ocupados e Moradores, total e indígenas, em domicílios particulares permanentes ocupados, por localização do domicílio, nos Censos Demográficos – Primeiros Resultados do Universo",False,
9756,"Índice de envelhecimento, idade mediana e razão de sexo, por cor ou raça",True,02_cor_raca
9757,"Índice de envelhecimento, idade mediana e razão de sexo da população indígena, segundo quesito de declaração",False,
9764,"População residente em terras indígenas, total e indígenas, por grupos de idade, sexo e quesito de declaração indígena, segundo as Terras Indígenas",False,
9765,"População residente em territórios quilombolas, total e quilombola, por grupos de idade e sexo, segundo os Territórios Quilombolas",False,
9766,"Índice de envelhecimento, idade mediana e razão de sexo da população residente em terras indígenas, total e indígenas, segundo quesito de declaração e as Terras Indígenas",False,
9767,"Índice de envelhecimento, idade mediana e razão de sexo da população residente em territórios quilombolas, total e quilombola, segundo os Territórios Quilombolas",False,
9792,"População total e quilombola de 15 anos ou mais de idade, por alfabetização, sexo, idade e localização do domicílio",False,
9793,"Taxa de alfabetização da população total e quilombola de 15 anos ou mais de idade, por sexo, idade e localização do domicílio",False,
9794,"População de 15 anos ou mais de idade residente em territórios quilombolas, total e quilombola, por alfabetização, sexo e idade, segundo os Territórios Quilombolas",False,
9795,"Taxa de alfabetização da população de 15 anos ou mais de idade residente em territórios quilombolas, total e quilombola, por sexo e idade, segundo os Territórios Quilombolas",False,
9802,"População residente, total e quilombolas, em Territórios Quilombolas, por sexo, idade e forma de declaração, segundo os Territórios Quilombolas",False,
9803,"Domicílios particulares permanentes ocupados, total e com pelo menos um morador quilombola, por tipo de domicílio e localização do domicílio",False,
9804,"Domicílios particulares permanentes ocupados, total e com pelo menos um morador quilombola, por existência de ligação à rede geral de distribuição de água e principal forma de abastecimento de água e localização do domicílio",False,
9805,"População quilombola, por sexo, idade, forma de declaração da idade e localização do domicílio",False,
9806,"Domicílios particulares permanentes ocupados localizados em Territórios Quilombolas, total e com pelo menos um morador quilombola, por existência de ligação à rede geral de distribuição de água e principal forma de abastecimento de água e segundo os Territórios Quilombolas",False,
9807,"Domicílios particulares permanentes ocupados, total e com pelo menos um morador quilombola, por existência de canalização de água e principal forma de abastecimento de água e localização do domicílio",False,
9808,"Índice de envelhecimento, idade mediana e razão de sexo, total e quilombolas, segundo a localização do domicílio",False,
9809,"Índice de envelhecimento, idade mediana e razão de sexo das pessoas residentes em Territórios Quilombolas, total e quilombolas, segundos os Territórios Quilombolas",False,
9810,"Domicílios particulares permanentes ocupados localizados em Territórios Quilombolas, total e com pelo menos um morador quilombola, por tipo de domicílio e segundo os Territórios Quilombolas",False,
9811,"Domicílios particulares permanentes ocupados localizados em Territórios Quilombolas, total e com pelo menos um morador quilombola, por existência de canalização de água e principal forma de abastecimento, segundo os Territórios Quilombolas",False,
9812,"Domicílios particulares permanentes ocupados, total e com pelo menos um morador quilombola, por existência de banheiro ou sanitário e número de banheiros de uso exclusivo do domicílio, por tipo de esgotamento sanitário e localização do domicílio",False,
9813,"Domicílios particulares permanentes ocupados localizados em Territórios Quilombolas, total e com pelo menos um morador quilombola, por existência de banheiro ou sanitário e número de banheiros de uso exclusivo do domicílio e por tipo de esgotamento sanitário, segundo os Territórios Quilombolas",False,
9814,"Domicílios particulares permanentes ocupados, total e com pelo menos um morador quilombola, por destino do lixo e localização do domicílio",False,
9815,"Domicílios particulares permanentes ocupados localizados em Territórios Quilombolas, total e com pelo menos um morador quilombola, por destino do lixo e segundo os Territórios Quilombolas",False,
9816,"Moradores em domicílios particulares permanentes ocupados, total e com pelo menos um morador quilombola, por tipo de domicílio, segundo os grupos de idade e a localização do domicílio",False,
9817,"Moradores, total e quilombolas, em domicílios particulares permanentes ocupados em Territórios Quilombolas, por tipo de domicílio, segundo os grupos de idade e os Territórios Quilombolas",False,
9818,"Moradores, total e quilombolas, em domicílios particulares permanentes ocupados, total e com pelo menos um morador quilombola, por existência de ligação à rede geral de distribuição de água e a principal forma de abastecimento, segundo os grupos de idade e a localização do domicílio",False,
9819,"Moradores, total e quilombolas, em domicílios particulares permanentes ocupados localizados em Territórios Quilombolas, por existência de ligação à rede geral de distribuição de água e a principal forma de abastecimento, segundo os grupos de idade e os Territórios Quilombolas",False,
9820,"Moradores, total e quilombolas, em domicílios particulares permanentes ocupados, total e com pelo menos um morador quilombola, por existência de canalização de água e a principal forma de abastecimento de água, grupos de idade e localização do domicílio",False,
9821,"Moradores, total e quilombolas, em domicílios particulares permanentes ocupados localizados em Territórios Quilombolas, por existência de canalização de água e a principal forma de abastecimento de água, grupos de idade e segundo os Territórios Quilombolas",False,
9822,"Moradores, total e quilombolas, em domicílios particulares permanentes ocupados, total e com pelo menos um morador quilombola, por existência de banheiro ou sanitário e número de banheiros de uso exclusivo do domicílio e por tipo de esgotamento sanitário, segundo os grupos de idade e a localização do domicílio",False,
9823,"Moradores, total e quilombolas, em domicílios particulares permanentes ocupados localizados em Territórios Quilombolas, por existência de banheiro ou sanitário e número de banheiros de uso exclusivo do domicílio e por tipo de esgotamento sanitário, segundo os grupos de idade e os Territórios Quilombolas",False,
9824,"Moradores, total e quilombolas, em domicílios particulares permanentes ocupados localizados em Territórios Quilombolas, por destino do lixo, segundo os grupos de idade e os Territórios Quilombolas",False,
9825,"Moradores, total e quilombolas, em domicílios particulares permanentes ocupados, total e com pelo menos um morador quilombola, por destino do lixo, segundo os grupos de idade e a localização do domicílio",False,
9837,"Moradores em domicílios particulares permanentes ocupados, em setores censitários selecionados para a Pesquisa Urbanística do Entorno dos Domicílios, por sexo, cor ou raça e existência e características do entorno por bueiro, iluminação pública, calçada e rampa para cadeirante",False,
9838,"Domicílios particulares permanentes ocupados e moradores em domicílios particulares permanentes ocupados, em setores selecionados para a Pesquisa Urbanística do Entorno dos Domicílios, por existência de banheiro ou sanitário e número de banheiros de uso exclusivo do domicílio, e existência e características do entorno por bueiro, iluminação pública, calçada e rampa para cadeirante",False,
9839,"Domicílios particulares permanentes ocupados e moradores em domicílios particulares permanentes ocupados, em setores censitários selecionados para a Pesquisa Urbanística do Entorno dos Domicílios, por destino do lixo, e existência e características do entorno por bueiro, iluminação pública, calçada e rampa para cadeirante",False,
9841,"Taxa de alfabetização da população, total e indígena, de 15 anos ou mais de idade, por sexo, idade, quesito de declaração e localização do domicílio",False,
9842,"Taxa de alfabetização da população, total e indígena, de 15 anos ou mais de idade residente em Terras Indígenas, por sexo, idade e quesito de declaração, segundo as Terras Indígenas",False,
9843,"Pessoas de até 5 anos de idade, total e indígenas, por existência e tipo de registro de nascimento, segundo a idade, quesito de declaração e localização do domicílio",False,
9844,"Pessoas de até 5 anos de idade, total e indígenas, residentes em Terras Indígenas, por existência e tipo de registro de nascimento, idade e quesito de declaração, segundo as Terras Indígenas",False,
9845,"População, total e indígena, por sexo, idade, forma de declaração da idade, quesito de declaração e localização do domicílio",False,
9846,"População, total e indígena, residente em Terras Indígenas, por sexo, idade, forma de declaração da idade e quesito de declaração, segundo as Terras Indígenas",False,
9847,"Índice de envelhecimento, idade mediana e razão de sexo, total e indígenas, por quesito de declaração e localização do domicílio",False,
9848,"Domicílios particulares permanentes ocupados, total e com pelo menos um morador indígena, e moradores, total e indígenas, em domicílios particulares permanentes ocupados, por tipo de domicílio, principal forma de abastecimento de água, existência de canalização de água, tipo de esgotamento sanitário, destino do lixo e localização do domicílio",False,
9849,"Domicílios particulares permanentes ocupados, total e com pelo menos um morador indígena, localizados em terras indígenas, e moradores, total e indígenas, em domicílios particulares permanentes ocupados localizados em terras indígenas, por tipo de domicílio, principal forma de abastecimento de água, existência de canalização de água, tipo de esgotamento sanitário e destino do lixo, segundo as Terras Indígenas",False,
9850,"Moradores, total e indígenas, em domicílios particulares permanentes ocupados, por tipo de domicílio, existência de ligação à rede geral de distribuição de água e principal forma de abastecimento de água, existência de canalização de água, existência de banheiro ou sanitário e número de banheiros de uso exclusivo do domicílio, grupos de idade e localização do domicílio",False,
9851,"Moradores, total e indígenas, em domicílios particulares permanentes ocupados localizados em terras indígenas, por tipo de domicílio, existência de ligação à rede geral de distribuição de água e principal forma de abastecimento de água, existência de canalização de água, existência de banheiro ou sanitário e número de banheiros de uso exclusivo do domicílio e grupos de idade, segundo as Terras Indígenas",False,
9852,"Moradores, total e indígenas, em domicílios particulares permanentes ocupados, por tipo de domicílio, existência de ligação à rede geral de distribuição de água e principal forma de abastecimento de água, existência de canalização de água, tipo de esgotamento sanitário, grupos de idade e localização do domicílio",False,
9853,"Moradores, total e indígenas, em domicílios particulares permanentes ocupados localizados em terras indígenas, por tipo de domicílio, existência de ligação à rede geral de distribuição de água e principal forma de abastecimento de água, existência de canalização de água, tipo de esgotamento sanitário e grupos de idade, segundo as Terras Indígenas",False,
9854,"Moradores, total e indígenas, em domicílios particulares permanentes ocupados, por tipo de domicílio, destino do lixo, grupos de idade e localização do domicílio",False,
9855,"Moradores, total e indígenas, em domicílios particulares permanentes ocupados localizados em terras indígenas, por tipo de domicílio, destino do lixo e grupos de idade, segundo as Terras Indígenas",False,
9856,"Domicílios, total e com pelo menos um morador indígena, e Moradores, total e indígenas, em domicílios, por espécie e localização do domicílio",False,
9858,"Moradores, total e indígenas, de 15 anos ou mais, total e alfabetizados, e taxa de alfabetização de moradores de 15 anos ou mais, total e indígenas, por tipo de domicílio, principal forma de abastecimento de água, existência de canalização de água, tipo de esgotamento sanitário, destino do lixo e localização do domicílio",False,
9859,"Moradores, total e indígenas, de 15 anos ou mais, total e alfabetizados, em domicílios particulares permanentes ocupados localizados em terras indígenas, e taxa de alfabetização de moradores de 15 anos ou mais, total e indígena, em domicílios particulares permanentes ocupados localizados em terras indígenas, por tipo de domicílio, principal forma de abastecimento de água, existência de canalização de água, tipo de esgotamento sanitário e destino do lixo, segundo as Terras Indígenas",False,
9860,"Domicílios particulares permanentes ocupados, total e com pelo menos um morador indígena, e moradores, total e indígenas, em domicílios particulares permanentes ocupados, por tipo de domicílio, existência de ligação à rede geral de distribuição de água e principal forma de abastecimento de água, existência de canalização de água, existência de banheiro ou sanitário e número de banheiros de uso exclusivo do domicílio, tipo de esgotamento sanitário e localização do domicílio",False,
9861,"Domicílios particulares permanentes ocupados, total e com pelo menos um morador indígena, localizados em terras indígenas, e moradores, total e indígenas, em domicílios particulares permanentes ocupados localizados em terras indígenas, por tipo de domicílio, existência de ligação à rede geral de distribuição de água e principal forma de abastecimento de água, existência de canalização de água, existência de banheiro ou sanitário e número de banheiros de uso exclusivo do domicílio e tipo de esgotamento sanitário, segundo as Terras Indígenas",False,
9862,"Moradores, total e indígenas, em domicílios, por espécie, grupos de idade, quesito de declaração e localização do domicílio",False,
9866,"Domicílios não ocupados, por espécie e tipo de domicílio",True,03_domicilios
9872,"Taxa de pessoas até 5 anos de idade com registro de nascimento em cartório, por idade",True,18_registro_obitos
9873,"Taxa de pessoas indígenas de até 5 anos de idade com registro de nascimento em cartório, RANI e sem registro de nascimento, por idade",False,
9877,"Média de moradores em domicílios particulares, por sexo, cor ou raça e grupos de idade da pessoa responsável pelo domicílio",True,03_domicilios
9878,"Moradores em domicílios particulares, por condição no domicílio, segundo sexo, cor ou raça e grupos de idade da pessoa responsável pelo domicílio",False,
9879,"Domicílios particulares, por espécie de unidade doméstica, número de moradores, segundo sexo, cor ou raça e grupos de idade da pessoa responsável pelo domicílio",False,
9880,"Domicílios particulares, por tipo de domicílio e número de moradores, segundo sexo, cor ou raça e grupos de idade da pessoa responsável pelo domicílio",True,03_domicilios
9881,Domicílios particulares por presença de cônjuge da pessoa responsável pelo domicílio,True,14_familias_fecundidade
9882,"Domicílios particulares, por presença de cônjuge da pessoa responsável e filhos da pessoa responsável ou do cônjuge, segundo o sexo da pessoa responsável pelo domicílio",True,14_familias_fecundidade
9883,"Número de favelas e comunidades urbanas, segundo os Municípios",True,17_favelas
9884,"População residente em favelas e comunidades urbanas, por cor ou raça, sexo e grupos de idade, segundo as Favelas e Comunidades Urbanas",False,
9885,"Índice de envelhecimento, idade mediana e razão de sexo da população residente em favelas e comunidades urbanas, por cor ou raça, segundo as Favelas e Comunidades Urbanas",False,
9886,"Pessoas de 15 anos ou mais de idade residentes em favelas e comunidades urbanas, por alfabetização, cor ou raça, sexo e grupos de idade, segundo as Favelas e Comunidades Urbanas",False,
9887,"Domicílios e população residente em favelas e comunidades urbanas, por espécie de domicílio, segundo as Favelas e Comunidades Urbanas",True,17_favelas
9888,"População residente, Área territorial e Densidade demográfica em favelas e comunidades urbanas, segundo as Favelas e Comunidades Urbanas",True,17_favelas
9889,"Número de estabelecimentos, por espécie (finalidade ou uso), e número de edificações em construção ou em reforma em favelas e comunidades urbanas, segundo as Favelas e Comunidades Urbanas",True,17_favelas
9890,"Domicílios particulares permanentes ocupados em favelas e comunidades urbanas, por tipo de domicílio, segundo as Favelas e Comunidades Urbanas",True,17_favelas
9891,"Domicílios particulares permanentes ocupados em favelas e comunidades urbanas, por existência de canalização de água e principal forma de abastecimento de água, segundo as Favelas e Comunidades Urbanas",True,17_favelas
9892,"Domicílios particulares permanentes ocupados em favelas e comunidades urbanas, por existência de banheiro ou sanitário e número de banheiros de uso exclusivo do domicílio e tipo de esgotamento sanitário, segundo as Favelas e Comunidades Urbanas",True,17_favelas
9893,"Domicílios particulares permanentes ocupados em favelas e comunidades urbanas, por destino do lixo, segundo as Favelas e Comunidades Urbanas",True,17_favelas
9894,"Domicílios particulares permanentes ocupados em favelas e comunidades urbanas, por existência de ligação à rede geral de distribuição de água e principal forma de abastecimento de água, segundo as Favelas e Comunidades Urbanas",False,
9895,"Moradores em domicílios particulares permanentes ocupados em favelas e comunidades urbanas, por tipo de domicílio, cor ou raça, sexo e grupos de idade, segundo as Favelas e Comunidades Urbanas",False,
9896,"Moradores em domicílios particulares permanentes ocupados em favelas e comunidades urbanas, por existência de ligação à rede geral de distribuição de água e principal forma de abastecimento de água, cor ou raça, sexo e grupos de idade, segundo as Favelas e Comunidades Urbanas",False,
9897,"Moradores em domicílios particulares permanentes ocupados em favelas e comunidades urbanas, por existência de canalização de água e a principal forma de abastecimento de água, cor ou raça, sexo e grupos de idade, segundo as Favelas e Comunidades Urbanas",False,
9898,"Moradores em domicílios particulares permanentes ocupados em favelas e comunidades urbanas, por existência de banheiro ou sanitário e número de banheiros de uso exclusivo do domicílio, tipo de esgotamento sanitário, cor ou raça, sexo e grupos de idade, segundo as Favelas e Comunidades Urbanas",False,
9899,"Moradores em domicílios particulares permanentes ocupados em favelas e comunidades urbanas, por destino do lixo, cor ou raça, sexo e grupos de idade, segundo as Favelas e Comunidades Urbanas",False,
9900,"População residente em favelas e comunidades urbanas, total e indígena, por sexo e grupos de idade, segundo as Favelas e Comunidades Urbanas",False,
9922,"Domicílios particulares permanentes ocupados, moradores em domicílios particulares permanentes ocupados e média de moradores em domicílios particulares permanentes ocupados, segundo a situação do domicílio",True,03_domicilios
9923,"População residente, por situação do domicílio",True,01_populacao
9928,"Domicílios particulares permanentes ocupados, por tipo de material das paredes externas, condição de ocupação do domicílio e tipo do domicílio",True,08_habitacao_internet
9929,"Domicílios particulares permanentes ocupados, por condição de ocupação do domicílio, segundo o número de moradores com 15 anos ou mais de idade e número de moradores com 14 anos ou menos de idade",True,08_habitacao_internet
9930,"Domicílios particulares permanentes ocupados, por número de cômodos, condição de ocupação do domicílio e tipo do domicílio",True,08_habitacao_internet
9931,"Domicílios particulares permanentes ocupados, por número de cômodos, número de banheiros de uso exclusivo do domicílio e número de dormitórios",True,08_habitacao_internet
9933,"Domicílios particulares permanentes ocupados, por número de moradores por dormitório, condição de ocupação do domicílio e tipo do domicílio",True,08_habitacao_internet
9934,"Domicílios particulares permanentes ocupados, por número de moradores por dormitório, segundo o número de moradores com 15 anos ou mais de idade e número de moradores com 14 anos ou menos de idade",False,
9935,"Domicílios particulares permanentes ocupados, por presença de máquina de lavar roupas, condição de ocupação do domicílio e tipo do domicílio",True,08_habitacao_internet
9936,"Domicílios particulares permanentes ocupados, por existência de conexão domiciliar à Internet, condição de ocupação do domicílio e tipo do domicílio",True,08_habitacao_internet
9937,"Moradores em domicílios particulares permanentes ocupados, por tipo de material das paredes externas, segundo a cor ou raça e os grupos de idade",False,
9938,"Moradores em domicílios particulares permanentes ocupados, por condição de ocupação do domicílio, segundo a cor ou raça e os grupos de idade",False,
9939,"Moradores em domicílios particulares permanentes ocupados, por número de cômodos, segundo a cor ou raça e os grupos de idade",False,
9940,"Moradores em domicílios particulares permanentes ocupados, por número de moradores por dormitório, segundo a cor ou raça e os grupos de idade",False,
9941,"Moradores em domicílios particulares permanentes ocupados, por presença de máquina de lavar roupa, segundo a cor ou raça e os grupos de idade",False,
9942,"Moradores em domicílios particulares permanentes ocupados, por existência de conexão domiciliar à Internet, segundo a cor ou raça e os grupos de idade",False,
9943,"Moradores indígenas em domicílios particulares permanentes ocupados, por tipo de material das paredes externas e grupos de idade",False,
9944,"Moradores indígenas em domicílios particulares permanentes ocupados, por condição de ocupação do domicílio e os grupos de idade",False,
9945,"Moradores indígenas em domicílios particulares permanentes ocupados, por número de cômodos e os grupos de idade",False,
9946,"Moradores indígenas em domicílios particulares permanentes ocupados, por número de moradores por dormitório e os grupos de idade",False,
9947,"Moradores indígenas em domicílios particulares permanentes ocupados, por presença de máquina de lavar roupa e os grupos de idade",False,
9948,"Moradores indígenas em domicílios particulares permanentes ocupados, por existência de conexão domiciliar à Internet e os grupos de idade",False,
9951,"Taxa de alfabetização da população, total e indígena, de 15 anos ou mais de idade, por sexo, grupos de idade, localização e situação do domicílio",False,
9952,"População, total e indígena, de 15 anos ou mais de idade, por alfabetização, sexo, grupos de idade, localização e situação do domicílio",False,
9953,"Pessoas de até 5 anos de idade, total e indígenas, por existência e tipo de registro de nascimento, segundo a idade, localização e situação do domicílio",False,
9954,"População, total e indígena, residente em Terras Indígenas, por sexo, idade, segundo as Terras Indígenas e situação do domicílio",False,
9955,"Índice de envelhecimento, idade mediana e razão de sexo, total e indígenas, por localização e situação do domicílio",True,10_indigenas
9956,"Domicílios particulares permanentes ocupados, total e com pelo menos um morador indígena, e moradores, total e indígenas, em domicílios particulares permanentes ocupados, por tipo de domicílio, principal forma de abastecimento de água, existência de canalização de água, tipo de esgotamento sanitário, destino do lixo, localização e situação do domicílio",False,
9957,"Moradores, total e indígenas, em domicílios particulares permanentes ocupados, por tipo de domicílio, tipo de esgotamento sanitário, localização e situação do domicílio",False,
9958,"Moradores, total e indígenas, em domicílios particulares permanentes ocupados, por tipo de domicílio, existência de banheiro ou sanitário e número de banheiros de uso exclusivo do domicílio, localização e situação do domicílio",False,
9959,"Moradores, total e indígenas, em domicílios particulares permanentes ocupados, por tipo de domicílio, destino do lixo, localização e situação do domicílio",False,
9960,"Moradores, total e indígenas, em domicílios, por espécie, localização e situação do domicílio",False,
9961,"Domicílios particulares permanentes ocupados com pelo menos um morador indígena, localizados em terras indígenas, por tipo de domicílio e número de moradores, segundo sexo, grupos de idade e pertencimento étnico indígena da pessoa responsável pelo domicílio, segundo as Terras Indígenas",False,
9962,"Média de moradores, total e indígenas, em domicílios particulares permanentes ocupados com pelo menos um morador indígena, por sexo, grupos de idade e pertencimento étnico indígena da pessoa responsável pelo domicílio, segundo localização e situação do domicílio",False,
9963,"Média de moradores, total e indígenas, em domicílios particulares permanentes ocupados com pelo menos um morador indígena, localizados em terras indígenas, por sexo, grupos de idade e pertencimento étnico indígena da pessoa responsável pelo domicílio, segundo as Terras Indígenas",False,
9964,"Moradores em domicílios particulares permanentes ocupados com pelo menos um morador indígena, localizados em terras indígenas, por condição no domicílio, segundo sexo, grupos de idade e pertencimento étnico indígena da pessoa responsável pelo domicílio, segundo as Terras Indígenas",False,
9965,"Domicílios particulares com pelo menos um morador indígena, por presença de cônjuge da pessoa responsável pelo domicílio, segundo localização e situação do domicílio",False,
9966,"Domicílios particulares com pelo menos um morador indígena, localizados em terras indígenas, por presença de cônjuge da pessoa responsável pelo domicílio e total de cônjuges, segundo as Terras Indígenas",False,
9967,"Domicílios particulares permanentes ocupados com pelo menos um morador indígena, por presença de cônjuge da pessoa responsável e filhos da pessoa responsável ou do cônjuge, segundo o sexo e pertencimento étnico indígena da pessoa responsável pelo domicílio e a localização e situação do domicílio",False,
9968,"Domicílios particulares permanentes ocupados com pelo menos um morador indígena, localizados em terras indígenas, por presença de cônjuge da pessoa responsável, total de cônjuges, e filhos da pessoa responsável ou do cônjuge, segundo o sexo e pertencimento étnico indígena da pessoa responsável pelo domicílio, segundo as Terras Indígenas",False,
9969,"Óbitos de pessoas que haviam residido com moradores dos domicílios particulares permanentes ocupados com pelo menos um morador indígena, localizados em terras indígenas, por mês e ano de ocorrência do falecimento, sexo e grupos de idade das pessoas ao falecerem, segundo as Terras Indígenas",False,
9970,"Pessoas indígenas, por idade, localização e situação do domicílio",False,
9971,"Pessoas indígenas, por sexo, grupos de idade, localização e situação do domicílio",False,
